{"nm":"Comp 3","ddd":0,"h":1000,"w":1000,"meta":{"g":"LottieFiles AE 0.1.20"},"layers":[{"ty":0,"nm":"Comp 2","sr":1,"st":0,"op":60,"ip":0,"hd":false,"ddd":0,"bm":0,"hasMask":false,"ao":0,"ks":{"a":{"a":0,"k":[500,304,0],"ix":1},"s":{"a":0,"k":[100,100,100],"ix":6},"sk":{"a":0,"k":0},"p":{"a":0,"k":[569,515,0],"ix":2},"r":{"a":0,"k":0,"ix":10},"sa":{"a":0,"k":0},"o":{"a":0,"k":100,"ix":11}},"ef":[],"w":1000,"h":608,"refId":"comp_0","ind":1}],"v":"5.5.7","fr":30,"op":90,"ip":0,"assets":[{"nm":"","id":"comp_0","layers":[{"ty":4,"nm":"people_2_shape 2","sr":1,"st":0,"op":60,"ip":0,"hd":false,"ddd":0,"bm":0,"hasMask":false,"ao":0,"ks":{"a":{"a":0,"k":[0,0,0],"ix":1},"s":{"a":0,"k":[-100,100,100],"ix":6},"sk":{"a":0,"k":0},"p":{"a":0,"k":[354.875,307.09,0],"ix":2},"r":{"a":0,"k":0,"ix":10},"sa":{"a":0,"k":0},"o":{"a":0,"k":100,"ix":11}},"ef":[],"shapes":[{"ty":"gr","bm":0,"hd":false,"mn":"ADBE Vector Group","nm":"Shape 1","ix":1,"cix":2,"np":4,"it":[{"ty":"sh","bm":0,"hd":false,"mn":"ADBE Vector Shape - Group","nm":"Path 1","ix":1,"d":1,"ks":{"a":0,"k":{"c":false,"i":[[-0.431,0.902],[-10.545,7.468],[-10.848,3.177],[-12.752,-1.097],[-9.243,-3.924],[-8.16,-7.288],[-1.687,-24.919],[3.314,-11.348],[8.378,-9.189],[0,0],[-37.435,-14.977],[-18.24,-20.123],[-6.945,-29.182],[-1.23,-15.917]],"o":[[5.581,-11.668],[8.859,-6.274],[12.097,-3.543],[8.888,0.765],[9.796,4.158],[17.121,15.292],[0.995,14.7],[-4.592,15.722],[-28.324,31.066],[0,0],[20.643,8.258],[15.318,16.9],[2.828,11.884],[0.154,1.994]],"v":[[-7.5,-162],[17.271,-190.074],[47.176,-205.4],[84.929,-208.276],[112.565,-201.653],[140.022,-183.876],[170.25,-122],[166.781,-82.918],[142.523,-44.023],[66.75,-15.25],[137.514,-2.284],[198.288,40.739],[233.382,108.588],[238.25,147]]},"ix":2}},{"ty":"tm","bm":0,"hd":false,"mn":"ADBE Vector Filter - Trim","nm":"Trim Paths 1","ix":2,"e":{"a":1,"k":[{"o":{"x":0.333,"y":0},"i":{"x":0.667,"y":1},"s":[0],"t":25},{"s":[100],"t":42}],"ix":2},"o":{"a":0,"k":0,"ix":3},"s":{"a":0,"k":0,"ix":1},"m":1},{"ty":"st","bm":0,"hd":false,"mn":"ADBE Vector Graphic - Stroke","nm":"Stroke 1","lc":1,"lj":1,"ml":4,"o":{"a":0,"k":100,"ix":4},"w":{"a":0,"k":25,"ix":5},"c":{"a":0,"k":[0.2431,0.7569,0],"ix":3}},{"ty":"tr","a":{"a":0,"k":[0,0],"ix":1},"s":{"a":0,"k":[100,100],"ix":3},"sk":{"a":0,"k":0,"ix":4},"p":{"a":0,"k":[0,0],"ix":2},"r":{"a":0,"k":0,"ix":6},"sa":{"a":0,"k":0,"ix":5},"o":{"a":0,"k":100,"ix":7}}]}],"ind":1},{"ty":4,"nm":"people_2_shape","sr":1,"st":0,"op":60,"ip":0,"hd":false,"ddd":0,"bm":0,"hasMask":false,"ao":0,"ks":{"a":{"a":0,"k":[0,0,0],"ix":1},"s":{"a":0,"k":[100,100,100],"ix":6},"sk":{"a":0,"k":0},"p":{"a":0,"k":[500,304,0],"ix":2},"r":{"a":0,"k":0,"ix":10},"sa":{"a":0,"k":0},"o":{"a":0,"k":100,"ix":11}},"ef":[],"shapes":[{"ty":"gr","bm":0,"hd":false,"mn":"ADBE Vector Group","nm":"Shape 1","ix":1,"cix":2,"np":4,"it":[{"ty":"sh","bm":0,"hd":false,"mn":"ADBE Vector Shape - Group","nm":"Path 1","ix":1,"d":1,"ks":{"a":0,"k":{"c":false,"i":[[-0.431,0.902],[-10.545,7.468],[-10.848,3.177],[-12.752,-1.097],[-9.243,-3.924],[-8.16,-7.288],[-1.687,-24.919],[3.314,-11.348],[8.378,-9.189],[0,0],[-37.435,-14.977],[-18.24,-20.123],[-6.945,-29.182],[-1.23,-15.917]],"o":[[5.581,-11.668],[8.859,-6.274],[12.097,-3.543],[8.888,0.765],[9.796,4.158],[17.121,15.292],[0.995,14.7],[-4.592,15.722],[-28.324,31.066],[0,0],[20.643,8.258],[15.318,16.9],[2.828,11.884],[0.154,1.994]],"v":[[-7.5,-162],[17.271,-190.074],[47.176,-205.4],[84.929,-208.276],[112.565,-201.653],[140.022,-183.876],[170.25,-122],[166.781,-82.918],[142.523,-44.023],[66.75,-15.25],[137.514,-2.284],[198.288,40.739],[233.382,108.588],[238.25,147]]},"ix":2}},{"ty":"tm","bm":0,"hd":false,"mn":"ADBE Vector Filter - Trim","nm":"Trim Paths 1","ix":2,"e":{"a":1,"k":[{"o":{"x":0.333,"y":0},"i":{"x":0.667,"y":1},"s":[0],"t":25},{"s":[100],"t":42}],"ix":2},"o":{"a":0,"k":0,"ix":3},"s":{"a":0,"k":0,"ix":1},"m":1},{"ty":"st","bm":0,"hd":false,"mn":"ADBE Vector Graphic - Stroke","nm":"Stroke 1","lc":1,"lj":1,"ml":4,"o":{"a":0,"k":100,"ix":4},"w":{"a":0,"k":25,"ix":5},"c":{"a":0,"k":[0.2431,0.7569,0],"ix":3}},{"ty":"tr","a":{"a":0,"k":[0,0],"ix":1},"s":{"a":0,"k":[100,100],"ix":3},"sk":{"a":0,"k":0,"ix":4},"p":{"a":0,"k":[0,0],"ix":2},"r":{"a":0,"k":0,"ix":6},"sa":{"a":0,"k":0,"ix":5},"o":{"a":0,"k":100,"ix":7}}]}],"ind":2},{"ty":4,"nm":"people_1_shape_1","sr":1,"st":0,"op":60,"ip":0,"hd":false,"ddd":0,"bm":0,"hasMask":false,"ao":0,"ks":{"a":{"a":0,"k":[-74.529,142.5,0],"ix":1},"s":{"a":0,"k":[100,100,100],"ix":6},"sk":{"a":0,"k":0},"p":{"a":0,"k":[425.471,446.5,0],"ix":2},"r":{"a":0,"k":0,"ix":10},"sa":{"a":0,"k":0},"o":{"a":0,"k":100,"ix":11}},"ef":[],"shapes":[{"ty":"gr","bm":0,"hd":false,"mn":"ADBE Vector Group","nm":"Shape 1","ix":1,"cix":2,"np":3,"it":[{"ty":"sh","bm":0,"hd":false,"mn":"ADBE Vector Shape - Group","nm":"Path 1","ix":1,"d":1,"ks":{"a":0,"k":{"c":false,"i":[[2,31],[-149.003,0],[0,0]],"o":[[-1.289,-19.983],[149,0],[0,0]],"v":[[-239,223],[-72,62],[90,221]]},"ix":2}},{"ty":"st","bm":0,"hd":false,"mn":"ADBE Vector Graphic - Stroke","nm":"Stroke 1","lc":1,"lj":1,"ml":4,"o":{"a":0,"k":100,"ix":4},"w":{"a":0,"k":25,"ix":5},"c":{"a":0,"k":[0.2196,0.6902,0.8902],"ix":3}},{"ty":"tr","a":{"a":0,"k":[0,0],"ix":1},"s":{"a":0,"k":[100,100],"ix":3},"sk":{"a":0,"k":0,"ix":4},"p":{"a":0,"k":[0,0],"ix":2},"r":{"a":0,"k":0,"ix":6},"sa":{"a":0,"k":0,"ix":5},"o":{"a":0,"k":100,"ix":7}}]},{"ty":"tm","bm":0,"hd":false,"mn":"ADBE Vector Filter - Trim","nm":"Trim Paths 1","ix":2,"e":{"a":1,"k":[{"o":{"x":0.333,"y":0},"i":{"x":0.667,"y":1},"s":[50],"t":18},{"s":[100],"t":35}],"ix":2},"o":{"a":0,"k":0,"ix":3},"s":{"a":1,"k":[{"o":{"x":0.333,"y":0},"i":{"x":0.667,"y":1},"s":[50],"t":18},{"s":[0],"t":35}],"ix":1},"m":1}],"ind":3},{"ty":4,"nm":"people_1_shape_2","sr":1,"st":0,"op":60,"ip":0,"hd":false,"ddd":0,"bm":0,"hasMask":false,"ao":0,"ks":{"a":{"a":0,"k":[0,0,0],"ix":1},"s":{"a":0,"k":[100,100,100],"ix":6},"sk":{"a":0,"k":0},"p":{"a":1,"k":[{"o":{"x":0.333,"y":0},"i":{"x":0.667,"y":1},"s":[500,229,0],"t":0,"ti":[0,-12.5,0],"to":[0,12.5,0]},{"s":[500,304,0],"t":20}],"ix":2},"r":{"a":0,"k":0,"ix":10},"sa":{"a":0,"k":0},"o":{"a":1,"k":[{"o":{"x":0.333,"y":0},"i":{"x":0.667,"y":1},"s":[0],"t":0},{"s":[100],"t":10}],"ix":11}},"ef":[],"shapes":[{"ty":"gr","bm":0,"hd":false,"mn":"ADBE Vector Group","nm":"Ellipse 1","ix":1,"cix":2,"np":3,"it":[{"ty":"sh","bm":0,"hd":false,"mn":"ADBE Vector Shape - Group","nm":"Path 1","ix":1,"d":1,"ks":{"a":0,"k":{"c":true,"i":[[48.049,0],[0,-48.049],[-48.049,0],[0,48.049]],"o":[[-48.049,0],[0,48.049],[48.049,0],[0,-48.049]],"v":[[0,-87],[-87,0],[0,87],[87,0]]},"ix":2}},{"ty":"st","bm":0,"hd":false,"mn":"ADBE Vector Graphic - Stroke","nm":"Stroke 1","lc":1,"lj":1,"ml":4,"o":{"a":0,"k":100,"ix":4},"w":{"a":0,"k":25,"ix":5},"c":{"a":0,"k":[0.2196,0.6902,0.8902],"ix":3}},{"ty":"tr","a":{"a":0,"k":[0,0],"ix":1},"s":{"a":0,"k":[111.576,111.576],"ix":3},"sk":{"a":0,"k":0,"ix":4},"p":{"a":0,"k":[-75,-38],"ix":2},"r":{"a":0,"k":0,"ix":6},"sa":{"a":0,"k":0,"ix":5},"o":{"a":0,"k":100,"ix":7}}]}],"ind":4}]}]}