{"nm":"increase","ddd":0,"h":512,"w":512,"meta":{"g":"@lottiefiles/toolkit-js 0.25.4"},"layers":[{"ty":4,"nm":"Shape Layer 12","sr":1,"st":0,"op":207,"ip":0,"hd":false,"ddd":0,"bm":0,"hasMask":false,"ao":0,"ks":{"a":{"a":0,"k":[0,0,0],"ix":1},"s":{"a":0,"k":[93.375,99.156,100],"ix":6},"sk":{"a":0,"k":0},"p":{"a":0,"k":[270.5,316,0],"ix":2},"r":{"a":0,"k":0,"ix":10},"sa":{"a":0,"k":0},"o":{"a":0,"k":100,"ix":11}},"ef":[],"shapes":[{"ty":"gr","bm":0,"hd":false,"mn":"ADBE Vector Group","nm":"Shape 1","ix":1,"cix":2,"np":3,"it":[{"ty":"sh","bm":0,"hd":false,"mn":"ADBE Vector Shape - Group","nm":"Path 1","ix":1,"d":1,"ks":{"a":0,"k":{"c":false,"i":[[0,0],[0,0],[0,0]],"o":[[0,0],[0,0],[0,0]],"v":[[135.5,-237],[158.5,-237],[152,-215.5]]},"ix":2}},{"ty":"gs","bm":0,"hd":false,"mn":"ADBE Vector Graphic - G-Stroke","nm":"Gradient Stroke 1","e":{"a":0,"k":[100,0],"ix":5},"g":{"p":3,"k":{"a":0,"k":[0,0.2196078431372549,0.6901960784313725,0.8901960784313725,0.518,0.2196078431372549,0.6901960784313725,0.8901960784313725,1,0.24313725490196078,0.7568627450980392,0],"ix":8}},"t":1,"a":{"a":0,"k":0},"h":{"a":0,"k":0},"s":{"a":0,"k":[0,0],"ix":4},"lc":2,"lj":1,"ml":4,"o":{"a":0,"k":100,"ix":9},"w":{"a":0,"k":6,"ix":10}},{"ty":"tr","a":{"a":0,"k":[0,0],"ix":1},"s":{"a":0,"k":[100,100],"ix":3},"sk":{"a":0,"k":0,"ix":4},"p":{"a":0,"k":[0,0],"ix":2},"r":{"a":0,"k":0,"ix":6},"sa":{"a":0,"k":0,"ix":5},"o":{"a":0,"k":100,"ix":7}}]},{"ty":"tm","bm":0,"hd":false,"mn":"ADBE Vector Filter - Trim","nm":"Trim Paths 1","ix":2,"e":{"a":1,"k":[{"o":{"x":1,"y":0},"i":{"x":0.667,"y":1},"s":[50],"t":183},{"s":[100],"t":197}],"ix":2},"o":{"a":0,"k":0,"ix":3},"s":{"a":1,"k":[{"o":{"x":0.333,"y":0},"i":{"x":0.667,"y":1},"s":[50],"t":183},{"s":[0],"t":197}],"ix":1},"m":1}],"ind":1},{"ty":4,"nm":"Shape Layer 11","sr":1,"st":0,"op":207,"ip":0,"hd":false,"ddd":0,"bm":0,"hasMask":false,"ao":0,"ks":{"a":{"a":0,"k":[-33,-98,0],"ix":1},"s":{"a":0,"k":[100,100,100],"ix":6},"sk":{"a":0,"k":0},"p":{"a":0,"k":[236,209,0],"ix":2},"r":{"a":0,"k":0,"ix":10},"sa":{"a":0,"k":0},"o":{"a":0,"k":100,"ix":11}},"ef":[],"shapes":[{"ty":"gr","bm":0,"hd":false,"mn":"ADBE Vector Group","nm":"Shape 1","ix":1,"cix":2,"np":3,"it":[{"ty":"sh","bm":0,"hd":false,"mn":"ADBE Vector Shape - Group","nm":"Path 1","ix":1,"d":1,"ks":{"a":0,"k":{"c":false,"i":[[0,0],[-6,7],[-14,20],[-17,1],[-17,5],[-16,14],[-6,18],[-14,32],[-11,29],[0,0]],"o":[[0,0],[6,-7],[14,-20],[17,-1],[17,-5],[16,-14],[6,-18],[14,-32],[11,-29],[0,0]],"v":[[-215,5],[-171,-39],[-125,-78],[-83,-17],[-46,32],[-7,2],[32,-47],[66,-123],[115,-184],[143,-221]]},"ix":2}},{"ty":"gs","bm":0,"hd":false,"mn":"ADBE Vector Graphic - G-Stroke","nm":"Gradient Stroke 1","e":{"a":0,"k":[100,0],"ix":5},"g":{"p":3,"k":{"a":0,"k":[0,0.2196078431372549,0.6901960784313725,0.8901960784313725,0.518,0.2196078431372549,0.6901960784313725,0.8901960784313725,1,0.24313725490196078,0.7568627450980392,0],"ix":8}},"t":1,"a":{"a":0,"k":0},"h":{"a":0,"k":0},"s":{"a":0,"k":[0,0],"ix":4},"lc":2,"lj":1,"ml":4,"o":{"a":0,"k":100,"ix":9},"w":{"a":0,"k":8,"ix":10}},{"ty":"tr","a":{"a":0,"k":[0,0],"ix":1},"s":{"a":0,"k":[100,100],"ix":3},"sk":{"a":0,"k":0,"ix":4},"p":{"a":0,"k":[0,0],"ix":2},"r":{"a":0,"k":0,"ix":6},"sa":{"a":0,"k":0,"ix":5},"o":{"a":0,"k":100,"ix":7}}]},{"ty":"tm","bm":0,"hd":false,"mn":"ADBE Vector Filter - Trim","nm":"Trim Paths 1","ix":2,"e":{"a":1,"k":[{"o":{"x":0.333,"y":0},"i":{"x":0.667,"y":1},"s":[0],"t":0},{"o":{"x":0.27,"y":0},"i":{"x":0.156,"y":1},"s":[0],"t":132},{"s":[100],"t":179}],"ix":2},"o":{"a":0,"k":0,"ix":3},"s":{"a":0,"k":0,"ix":1},"m":1}],"ind":2},{"ty":4,"nm":"Shape Layer 10","sr":1,"st":0,"op":207,"ip":0,"hd":false,"ddd":0,"bm":0,"hasMask":false,"ao":0,"ks":{"a":{"a":0,"k":[0,0,0],"ix":1},"s":{"a":0,"k":[100,100,100],"ix":6},"sk":{"a":0,"k":0},"p":{"a":0,"k":[264,324,0],"ix":2},"r":{"a":0,"k":0,"ix":10},"sa":{"a":0,"k":0},"o":{"a":0,"k":100,"ix":11}},"ef":[],"shapes":[{"ty":"gr","bm":0,"hd":false,"mn":"ADBE Vector Group","nm":"Shape 1","ix":1,"cix":2,"np":3,"it":[{"ty":"sh","bm":0,"hd":false,"mn":"ADBE Vector Shape - Group","nm":"Path 1","ix":1,"d":1,"ks":{"a":0,"k":{"c":false,"i":[[0,0],[0,0]],"o":[[0,0],[0,0]],"v":[[110,-162],[111,111]]},"ix":2}},{"ty":"gs","bm":0,"hd":false,"mn":"ADBE Vector Graphic - G-Stroke","nm":"Gradient Stroke 1","e":{"a":0,"k":[118,-88],"ix":5},"g":{"p":3,"k":{"a":0,"k":[0,0.2196078431372549,0.6901960784313725,0.8901960784313725,0.518,0.2196078431372549,0.6901960784313725,0.8901960784313725,1,0.24313725490196078,0.7568627450980392,0],"ix":8}},"t":1,"a":{"a":0,"k":0},"h":{"a":0,"k":0},"s":{"a":0,"k":[103,340],"ix":4},"lc":2,"lj":1,"ml":4,"o":{"a":0,"k":100,"ix":9},"w":{"a":0,"k":15,"ix":10}},{"ty":"tr","a":{"a":0,"k":[0,0],"ix":1},"s":{"a":0,"k":[100,100],"ix":3},"sk":{"a":0,"k":0,"ix":4},"p":{"a":0,"k":[0,0],"ix":2},"r":{"a":0,"k":0,"ix":6},"sa":{"a":0,"k":0,"ix":5},"o":{"a":0,"k":100,"ix":7}}]},{"ty":"tm","bm":0,"hd":false,"mn":"ADBE Vector Filter - Trim","nm":"Trim Paths 1","ix":2,"e":{"a":0,"k":100,"ix":2},"o":{"a":0,"k":0,"ix":3},"s":{"a":1,"k":[{"o":{"x":1,"y":0},"i":{"x":0,"y":1},"s":[100],"t":121},{"s":[0],"t":135}],"ix":1},"m":1}],"ind":3},{"ty":4,"nm":"Shape Layer 9","sr":1,"st":0,"op":207,"ip":0,"hd":false,"ddd":0,"bm":0,"hasMask":false,"ao":0,"ks":{"a":{"a":0,"k":[0,0,0],"ix":1},"s":{"a":0,"k":[100,100,100],"ix":6},"sk":{"a":0,"k":0},"p":{"a":0,"k":[264,324,0],"ix":2},"r":{"a":0,"k":0,"ix":10},"sa":{"a":0,"k":0},"o":{"a":0,"k":100,"ix":11}},"ef":[],"shapes":[{"ty":"gr","bm":0,"hd":false,"mn":"ADBE Vector Group","nm":"Shape 1","ix":1,"cix":2,"np":3,"it":[{"ty":"sh","bm":0,"hd":false,"mn":"ADBE Vector Shape - Group","nm":"Path 1","ix":1,"d":1,"ks":{"a":0,"k":{"c":false,"i":[[0,0],[0,0]],"o":[[0,0],[0,0]],"v":[[74,-112],[76,109]]},"ix":2}},{"ty":"gs","bm":0,"hd":false,"mn":"ADBE Vector Graphic - G-Stroke","nm":"Gradient Stroke 1","e":{"a":0,"k":[110,5],"ix":5},"g":{"p":3,"k":{"a":0,"k":[0,0.2196078431372549,0.6901960784313725,0.8901960784313725,0.518,0.2196078431372549,0.6901960784313725,0.8901960784313725,1,0.24313725490196078,0.7568627450980392,0],"ix":8}},"t":1,"a":{"a":0,"k":0},"h":{"a":0,"k":0},"s":{"a":0,"k":[104,170],"ix":4},"lc":2,"lj":1,"ml":4,"o":{"a":0,"k":100,"ix":9},"w":{"a":0,"k":15,"ix":10}},{"ty":"tr","a":{"a":0,"k":[0,0],"ix":1},"s":{"a":0,"k":[100,100],"ix":3},"sk":{"a":0,"k":0,"ix":4},"p":{"a":0,"k":[0,0],"ix":2},"r":{"a":0,"k":0,"ix":6},"sa":{"a":0,"k":0,"ix":5},"o":{"a":0,"k":100,"ix":7}}]},{"ty":"tm","bm":0,"hd":false,"mn":"ADBE Vector Filter - Trim","nm":"Trim Paths 1","ix":2,"e":{"a":0,"k":100,"ix":2},"o":{"a":0,"k":0,"ix":3},"s":{"a":1,"k":[{"o":{"x":1,"y":0},"i":{"x":0,"y":1},"s":[100],"t":105},{"s":[0],"t":119}],"ix":1},"m":1}],"ind":4},{"ty":4,"nm":"Shape Layer 8","sr":1,"st":0,"op":207,"ip":0,"hd":false,"ddd":0,"bm":0,"hasMask":false,"ao":0,"ks":{"a":{"a":0,"k":[0,0,0],"ix":1},"s":{"a":0,"k":[100,100,100],"ix":6},"sk":{"a":0,"k":0},"p":{"a":0,"k":[450,326,0],"ix":2},"r":{"a":0,"k":0,"ix":10},"sa":{"a":0,"k":0},"o":{"a":0,"k":100,"ix":11}},"ef":[],"shapes":[{"ty":"gr","bm":0,"hd":false,"mn":"ADBE Vector Group","nm":"Shape 1","ix":1,"cix":2,"np":3,"it":[{"ty":"sh","bm":0,"hd":false,"mn":"ADBE Vector Shape - Group","nm":"Path 1","ix":1,"d":1,"ks":{"a":0,"k":{"c":false,"i":[[0,0],[0,0]],"o":[[0,0],[0,0]],"v":[[-151,-35],[-148,105]]},"ix":2}},{"ty":"gs","bm":0,"hd":false,"mn":"ADBE Vector Graphic - G-Stroke","nm":"Gradient Stroke 1","e":{"a":0,"k":[111,83],"ix":5},"g":{"p":3,"k":{"a":0,"k":[0,0.2196078431372549,0.6901960784313725,0.8901960784313725,0.518,0.2196078431372549,0.6901960784313725,0.8901960784313725,1,0.24313725490196078,0.7568627450980392,0],"ix":8}},"t":1,"a":{"a":0,"k":0},"h":{"a":0,"k":0},"s":{"a":0,"k":[67,226],"ix":4},"lc":2,"lj":1,"ml":4,"o":{"a":0,"k":100,"ix":9},"w":{"a":0,"k":15,"ix":10}},{"ty":"tr","a":{"a":0,"k":[0,0],"ix":1},"s":{"a":0,"k":[100,100],"ix":3},"sk":{"a":0,"k":0,"ix":4},"p":{"a":0,"k":[0,0],"ix":2},"r":{"a":0,"k":0,"ix":6},"sa":{"a":0,"k":0,"ix":5},"o":{"a":0,"k":100,"ix":7}}]},{"ty":"tm","bm":0,"hd":false,"mn":"ADBE Vector Filter - Trim","nm":"Trim Paths 1","ix":2,"e":{"a":0,"k":100,"ix":2},"o":{"a":0,"k":0,"ix":3},"s":{"a":1,"k":[{"o":{"x":1,"y":0},"i":{"x":0,"y":1},"s":[100],"t":89},{"s":[0],"t":103}],"ix":1},"m":1}],"ind":5},{"ty":4,"nm":"Shape Layer 7","sr":1,"st":0,"op":207,"ip":0,"hd":false,"ddd":0,"bm":0,"hasMask":false,"ao":0,"ks":{"a":{"a":0,"k":[0,0,0],"ix":1},"s":{"a":0,"k":[100,100,100],"ix":6},"sk":{"a":0,"k":0},"p":{"a":0,"k":[455,331,0],"ix":2},"r":{"a":0,"k":1.408,"ix":10},"sa":{"a":0,"k":0},"o":{"a":0,"k":100,"ix":11}},"ef":[],"shapes":[{"ty":"gr","bm":0,"hd":false,"mn":"ADBE Vector Group","nm":"Shape 1","ix":1,"cix":2,"np":3,"it":[{"ty":"sh","bm":0,"hd":false,"mn":"ADBE Vector Shape - Group","nm":"Path 1","ix":1,"d":1,"ks":{"a":0,"k":{"c":false,"i":[[0,0],[0,0]],"o":[[0,0],[0,0]],"v":[[-194,6],[-192,102]]},"ix":2}},{"ty":"gs","bm":0,"hd":false,"mn":"ADBE Vector Graphic - G-Stroke","nm":"Gradient Stroke 1","e":{"a":0,"k":[111,83],"ix":5},"g":{"p":3,"k":{"a":0,"k":[0,0.2196078431372549,0.6901960784313725,0.8901960784313725,0.518,0.2196078431372549,0.6901960784313725,0.8901960784313725,1,0.24313725490196078,0.7568627450980392,0],"ix":8}},"t":1,"a":{"a":0,"k":0},"h":{"a":0,"k":0},"s":{"a":0,"k":[67,226],"ix":4},"lc":2,"lj":1,"ml":4,"o":{"a":0,"k":100,"ix":9},"w":{"a":0,"k":15,"ix":10}},{"ty":"tr","a":{"a":0,"k":[0,0],"ix":1},"s":{"a":0,"k":[100,100],"ix":3},"sk":{"a":0,"k":0,"ix":4},"p":{"a":0,"k":[0,0],"ix":2},"r":{"a":0,"k":0,"ix":6},"sa":{"a":0,"k":0,"ix":5},"o":{"a":0,"k":100,"ix":7}}]},{"ty":"tm","bm":0,"hd":false,"mn":"ADBE Vector Filter - Trim","nm":"Trim Paths 1","ix":2,"e":{"a":0,"k":100,"ix":2},"o":{"a":0,"k":0,"ix":3},"s":{"a":1,"k":[{"o":{"x":1,"y":0},"i":{"x":0,"y":1},"s":[100],"t":74},{"s":[0],"t":88}],"ix":1},"m":1}],"ind":6},{"ty":4,"nm":"Shape Layer 5","sr":1,"st":0,"op":207,"ip":0,"hd":false,"ddd":0,"bm":0,"hasMask":false,"ao":0,"ks":{"a":{"a":0,"k":[0,0,0],"ix":1},"s":{"a":0,"k":[106.522,100,100],"ix":6},"sk":{"a":0,"k":0},"p":{"a":0,"k":[269,321,0],"ix":2},"r":{"a":0,"k":0,"ix":10},"sa":{"a":0,"k":0},"o":{"a":0,"k":100,"ix":11}},"ef":[],"shapes":[{"ty":"gr","bm":0,"hd":false,"mn":"ADBE Vector Group","nm":"Shape 1","ix":1,"cix":2,"np":3,"it":[{"ty":"sh","bm":0,"hd":false,"mn":"ADBE Vector Shape - Group","nm":"Path 1","ix":1,"d":1,"ks":{"a":0,"k":{"c":false,"i":[[0,0],[0,0]],"o":[[0,0],[0,0]],"v":[[-46,40],[-47,109]]},"ix":2}},{"ty":"gs","bm":0,"hd":false,"mn":"ADBE Vector Graphic - G-Stroke","nm":"Gradient Stroke 1","e":{"a":0,"k":[111,83],"ix":5},"g":{"p":3,"k":{"a":0,"k":[0,0.2196078431372549,0.6901960784313725,0.8901960784313725,0.518,0.2196078431372549,0.6901960784313725,0.8901960784313725,1,0.24313725490196078,0.7568627450980392,0],"ix":8}},"t":1,"a":{"a":0,"k":0},"h":{"a":0,"k":0},"s":{"a":0,"k":[67,226],"ix":4},"lc":2,"lj":1,"ml":4,"o":{"a":0,"k":100,"ix":9},"w":{"a":0,"k":15,"ix":10}},{"ty":"tr","a":{"a":0,"k":[0,0],"ix":1},"s":{"a":0,"k":[100,100],"ix":3},"sk":{"a":0,"k":0,"ix":4},"p":{"a":0,"k":[0,0],"ix":2},"r":{"a":0,"k":0,"ix":6},"sa":{"a":0,"k":0,"ix":5},"o":{"a":0,"k":100,"ix":7}}]},{"ty":"tm","bm":0,"hd":false,"mn":"ADBE Vector Filter - Trim","nm":"Trim Paths 1","ix":2,"e":{"a":0,"k":100,"ix":2},"o":{"a":0,"k":0,"ix":3},"s":{"a":1,"k":[{"o":{"x":1,"y":0},"i":{"x":0,"y":1},"s":[100],"t":60},{"s":[0],"t":74}],"ix":1},"m":1}],"ind":7},{"ty":4,"nm":"Shape Layer 4","sr":1,"st":0,"op":207,"ip":0,"hd":false,"ddd":0,"bm":0,"hasMask":false,"ao":0,"ks":{"a":{"a":0,"k":[0,0,0],"ix":1},"s":{"a":0,"k":[98.765,100,100],"ix":6},"sk":{"a":0,"k":0},"p":{"a":0,"k":[264,321,0],"ix":2},"r":{"a":0,"k":-0.759,"ix":10},"sa":{"a":0,"k":0},"o":{"a":0,"k":100,"ix":11}},"ef":[],"shapes":[{"ty":"gr","bm":0,"hd":false,"mn":"ADBE Vector Group","nm":"Shape 1","ix":1,"cix":2,"np":3,"it":[{"ty":"sh","bm":0,"hd":false,"mn":"ADBE Vector Shape - Group","nm":"Path 1","ix":1,"d":1,"ks":{"a":0,"k":{"c":false,"i":[[0,0],[0,0]],"o":[[0,0],[0,0]],"v":[[-81,-5],[-84,109]]},"ix":2}},{"ty":"gs","bm":0,"hd":false,"mn":"ADBE Vector Graphic - G-Stroke","nm":"Gradient Stroke 1","e":{"a":0,"k":[111,83],"ix":5},"g":{"p":3,"k":{"a":0,"k":[0,0.2196078431372549,0.6901960784313725,0.8901960784313725,0.518,0.2196078431372549,0.6901960784313725,0.8901960784313725,1,0.24313725490196078,0.7568627450980392,0],"ix":8}},"t":1,"a":{"a":0,"k":0},"h":{"a":0,"k":0},"s":{"a":0,"k":[67,226],"ix":4},"lc":2,"lj":1,"ml":4,"o":{"a":0,"k":100,"ix":9},"w":{"a":0,"k":15,"ix":10}},{"ty":"tr","a":{"a":0,"k":[0,0],"ix":1},"s":{"a":0,"k":[100,100],"ix":3},"sk":{"a":0,"k":0,"ix":4},"p":{"a":0,"k":[0,0],"ix":2},"r":{"a":0,"k":0,"ix":6},"sa":{"a":0,"k":0,"ix":5},"o":{"a":0,"k":100,"ix":7}}]},{"ty":"gr","bm":0,"hd":false,"mn":"ADBE Vector Group","nm":"Group 1","ix":2,"cix":2,"np":1,"it":[{"ty":"gs","bm":0,"hd":false,"mn":"ADBE Vector Graphic - G-Stroke","nm":"Gradient Stroke 1","e":{"a":0,"k":[111,83],"ix":5},"g":{"p":3,"k":{"a":0,"k":[0,0.2196078431372549,0.6901960784313725,0.8901960784313725,0.518,0.2196078431372549,0.6901960784313725,0.8901960784313725,1,0.24313725490196078,0.7568627450980392,0],"ix":8}},"t":1,"a":{"a":0,"k":0},"h":{"a":0,"k":0},"s":{"a":0,"k":[67,226],"ix":4},"lc":2,"lj":1,"ml":4,"o":{"a":0,"k":100,"ix":9},"w":{"a":0,"k":15,"ix":10}},{"ty":"tr","a":{"a":0,"k":[0,0],"ix":1},"s":{"a":0,"k":[100,100],"ix":3},"sk":{"a":0,"k":0,"ix":4},"p":{"a":0,"k":[0,0],"ix":2},"r":{"a":0,"k":0,"ix":6},"sa":{"a":0,"k":0,"ix":5},"o":{"a":0,"k":100,"ix":7}}]},{"ty":"tm","bm":0,"hd":false,"mn":"ADBE Vector Filter - Trim","nm":"Trim Paths 1","ix":3,"e":{"a":0,"k":100,"ix":2},"o":{"a":0,"k":0,"ix":3},"s":{"a":1,"k":[{"o":{"x":1,"y":0},"i":{"x":0,"y":1},"s":[100],"t":45},{"s":[0],"t":59}],"ix":1},"m":1}],"ind":8},{"ty":4,"nm":"Shape Layer 3","sr":1,"st":0,"op":207,"ip":0,"hd":false,"ddd":0,"bm":0,"hasMask":false,"ao":0,"ks":{"a":{"a":0,"k":[0,0,0],"ix":1},"s":{"a":0,"k":[100,100,100],"ix":6},"sk":{"a":0,"k":0},"p":{"a":0,"k":[261,323,0],"ix":2},"r":{"a":0,"k":0,"ix":10},"sa":{"a":0,"k":0},"o":{"a":0,"k":100,"ix":11}},"ef":[],"shapes":[{"ty":"gr","bm":0,"hd":false,"mn":"ADBE Vector Group","nm":"Shape 1","ix":1,"cix":2,"np":3,"it":[{"ty":"sh","bm":0,"hd":false,"mn":"ADBE Vector Shape - Group","nm":"Path 1","ix":1,"d":1,"ks":{"a":0,"k":{"c":false,"i":[[0,0],[0,0]],"o":[[0,0],[0,0]],"v":[[-114,-61],[-115,108]]},"ix":2}},{"ty":"gs","bm":0,"hd":false,"mn":"ADBE Vector Graphic - G-Stroke","nm":"Gradient Stroke 1","e":{"a":0,"k":[111,83],"ix":5},"g":{"p":3,"k":{"a":0,"k":[0,0.2196078431372549,0.6901960784313725,0.8901960784313725,0.518,0.2196078431372549,0.6901960784313725,0.8901960784313725,1,0.24313725490196078,0.7568627450980392,0],"ix":8}},"t":1,"a":{"a":0,"k":0},"h":{"a":0,"k":0},"s":{"a":0,"k":[67,226],"ix":4},"lc":2,"lj":1,"ml":4,"o":{"a":0,"k":100,"ix":9},"w":{"a":0,"k":15,"ix":10}},{"ty":"tr","a":{"a":0,"k":[0,0],"ix":1},"s":{"a":0,"k":[100,100],"ix":3},"sk":{"a":0,"k":0,"ix":4},"p":{"a":0,"k":[0,0],"ix":2},"r":{"a":0,"k":0,"ix":6},"sa":{"a":0,"k":0,"ix":5},"o":{"a":0,"k":100,"ix":7}}]},{"ty":"tm","bm":0,"hd":false,"mn":"ADBE Vector Filter - Trim","nm":"Trim Paths 2","ix":2,"e":{"a":0,"k":100,"ix":2},"o":{"a":0,"k":0,"ix":3},"s":{"a":1,"k":[{"o":{"x":1,"y":0},"i":{"x":0,"y":1},"s":[100],"t":30},{"s":[0],"t":44}],"ix":1},"m":1}],"ind":9},{"ty":4,"nm":"Shape Layer 2","sr":1,"st":0,"op":207,"ip":0,"hd":false,"ddd":0,"bm":0,"hasMask":false,"ao":0,"ks":{"a":{"a":0,"k":[0,0,0],"ix":1},"s":{"a":0,"k":[100,100,100],"ix":6},"sk":{"a":0,"k":0},"p":{"a":0,"k":[257,326,0],"ix":2},"r":{"a":0,"k":0,"ix":10},"sa":{"a":0,"k":0},"o":{"a":0,"k":100,"ix":11}},"ef":[],"shapes":[{"ty":"gr","bm":0,"hd":false,"mn":"ADBE Vector Group","nm":"Shape 1","ix":1,"cix":2,"np":3,"it":[{"ty":"sh","bm":0,"hd":false,"mn":"ADBE Vector Shape - Group","nm":"Path 1","ix":1,"d":1,"ks":{"a":0,"k":{"c":false,"i":[[0,0],[0,0]],"o":[[0,0],[0,0]],"v":[[-151,-35],[-148,105]]},"ix":2}},{"ty":"gs","bm":0,"hd":false,"mn":"ADBE Vector Graphic - G-Stroke","nm":"Gradient Stroke 1","e":{"a":0,"k":[111,83],"ix":5},"g":{"p":3,"k":{"a":0,"k":[0,0.2196078431372549,0.6901960784313725,0.8901960784313725,0.518,0.2196078431372549,0.6901960784313725,0.8901960784313725,1,0.24313725490196078,0.7568627450980392,0],"ix":8}},"t":1,"a":{"a":0,"k":0},"h":{"a":0,"k":0},"s":{"a":0,"k":[67,226],"ix":4},"lc":2,"lj":1,"ml":4,"o":{"a":0,"k":100,"ix":9},"w":{"a":0,"k":15,"ix":10}},{"ty":"tr","a":{"a":0,"k":[0,0],"ix":1},"s":{"a":0,"k":[100,100],"ix":3},"sk":{"a":0,"k":0,"ix":4},"p":{"a":0,"k":[0,0],"ix":2},"r":{"a":0,"k":0,"ix":6},"sa":{"a":0,"k":0,"ix":5},"o":{"a":0,"k":100,"ix":7}}]},{"ty":"gr","bm":0,"hd":false,"mn":"ADBE Vector Group","nm":"Group 1","ix":2,"cix":2,"np":1,"it":[{"ty":"gs","bm":0,"hd":false,"mn":"ADBE Vector Graphic - G-Stroke","nm":"Gradient Stroke 1","e":{"a":0,"k":[111,83],"ix":5},"g":{"p":3,"k":{"a":0,"k":[0,0.2196078431372549,0.6901960784313725,0.8901960784313725,0.518,0.2196078431372549,0.6901960784313725,0.8901960784313725,1,0.24313725490196078,0.7568627450980392,0],"ix":8}},"t":1,"a":{"a":0,"k":0},"h":{"a":0,"k":0},"s":{"a":0,"k":[67,226],"ix":4},"lc":2,"lj":1,"ml":4,"o":{"a":0,"k":100,"ix":9},"w":{"a":0,"k":15,"ix":10}},{"ty":"tr","a":{"a":0,"k":[0,0],"ix":1},"s":{"a":0,"k":[100,100],"ix":3},"sk":{"a":0,"k":0,"ix":4},"p":{"a":0,"k":[0,0],"ix":2},"r":{"a":0,"k":0,"ix":6},"sa":{"a":0,"k":0,"ix":5},"o":{"a":0,"k":100,"ix":7}}]},{"ty":"tm","bm":0,"hd":false,"mn":"ADBE Vector Filter - Trim","nm":"Trim Paths 1","ix":3,"e":{"a":0,"k":100,"ix":2},"o":{"a":0,"k":0,"ix":3},"s":{"a":1,"k":[{"o":{"x":1,"y":0},"i":{"x":0,"y":1},"s":[100],"t":14},{"s":[0],"t":28}],"ix":1},"m":1}],"ind":10},{"ty":4,"nm":"Shape Layer 1","sr":1,"st":0,"op":207,"ip":0,"hd":false,"ddd":0,"bm":0,"hasMask":false,"ao":0,"ks":{"a":{"a":0,"k":[0,0,0],"ix":1},"s":{"a":0,"k":[100,100,100],"ix":6},"sk":{"a":0,"k":0},"p":{"a":0,"k":[263,329,0],"ix":2},"r":{"a":0,"k":0,"ix":10},"sa":{"a":0,"k":0},"o":{"a":0,"k":100,"ix":11}},"ef":[],"shapes":[{"ty":"gr","bm":0,"hd":false,"mn":"ADBE Vector Group","nm":"Shape 1","ix":1,"cix":2,"np":3,"it":[{"ty":"sh","bm":0,"hd":false,"mn":"ADBE Vector Shape - Group","nm":"Path 1","ix":1,"d":1,"ks":{"a":0,"k":{"c":false,"i":[[0,0],[0,0]],"o":[[0,0],[0,0]],"v":[[-194,6],[-192,102]]},"ix":2}},{"ty":"gs","bm":0,"hd":false,"mn":"ADBE Vector Graphic - G-Stroke","nm":"Gradient Stroke 1","e":{"a":0,"k":[111,83],"ix":5},"g":{"p":3,"k":{"a":0,"k":[0,0.2196078431372549,0.6901960784313725,0.8901960784313725,0.518,0.2196078431372549,0.6901960784313725,0.8901960784313725,1,0.24313725490196078,0.7568627450980392,0],"ix":8}},"t":1,"a":{"a":0,"k":0},"h":{"a":0,"k":0},"s":{"a":0,"k":[67,226],"ix":4},"lc":2,"lj":1,"ml":4,"o":{"a":0,"k":100,"ix":9},"w":{"a":0,"k":15,"ix":10}},{"ty":"tr","a":{"a":0,"k":[0,0],"ix":1},"s":{"a":0,"k":[100,100],"ix":3},"sk":{"a":0,"k":0,"ix":4},"p":{"a":0,"k":[0,0],"ix":2},"r":{"a":0,"k":0,"ix":6},"sa":{"a":0,"k":0,"ix":5},"o":{"a":0,"k":100,"ix":7}}]},{"ty":"tm","bm":0,"hd":false,"mn":"ADBE Vector Filter - Trim","nm":"Trim Paths 1","ix":2,"e":{"a":0,"k":100,"ix":2},"o":{"a":0,"k":0,"ix":3},"s":{"a":1,"k":[{"o":{"x":1,"y":0},"i":{"x":0,"y":1},"s":[100],"t":0},{"s":[0],"t":14}],"ix":1},"m":1}],"ind":11}],"v":"5.7.6","fr":60,"op":207,"ip":0,"assets":[]}